cluster,age,wage per hour,capital gains,capital losses,dividends from stocks,weeks worked in year,education,marital stat,major occupation code,sex,race,pct_income_gt_50k,count
0,7.900648479004783,0.008035089709413345,1.3964796854026054,0.0,0.7802544760176204,0.18454237800843212,Children,Never married,Not in universe,Male,White,0.0,52893
1,39.16133603733477,109.62613922349549,416.59916436582205,0.39201505118870184,185.92430424902875,44.62599262100814,High school graduate,Married-civilian spouse present,Adm support including clerical,Male,White,0.10293937987147848,40927
2,46.84438775510204,24.706632653061224,99630.7806122449,0.0,5346.431122448979,47.42602040816327,Bachelors degree(BA AB BS),Married-civilian spouse present,Professional specialty,Male,White,0.8826530612244898,392
3,33.702680333609216,103.05608964156109,343.3336728847011,0.7270643662061501,118.76042528808811,43.43190933978481,High school graduate,Married-civilian spouse present,Adm support including clerical,Male,White,0.0737887566053352,15707
4,56.508855042946955,0.0,149.9433720003542,0.4527140706632427,378.09933144425753,2.1893208182059682,High school graduate,Married-civilian spouse present,Not in universe,Female,White,0.01591693969715753,45172
5,43.99314707432789,79.14944649446494,0.0,1945.074327886136,729.6328413284133,41.67580390089615,High school graduate,Married-civilian spouse present,Not in universe,Male,White,0.30495519240906693,3794
6,39.23623209803632,114.25682858408386,452.56087898026476,0.4289827255278311,195.68359663369262,45.03090703282642,High school graduate,Married-civilian spouse present,Adm support including clerical,Male,White,0.11782075889561494,40638
